{
  "0": [
    -23.099361218452614,
    -22.85115182157754,
    -22.85540097260583
  ],
  "1": [
    -24.9177754288259,
    -24.849215297173192,
    -24.776858739968127
  ],
  "2": [
    -25.87786445465903,
    -25.832713043130283,
    -25.787727422174328
  ],
  "3": [
    -26.325798396929905,
    -26.121895462492517,
    -26.327296137292148
  ]
}