{
  "0": -22.85115182157754,
  "1": -24.776858739968127,
  "2": -25.787727422174328,
  "3": -26.121895462492517
}