{
  "0": -19.6246922758122,
  "1": -22.836368071383056,
  "2": -25.761830052165205,
  "3": -26.448539799742118
}