{
  "0": -19.287344684553524,
  "1": -21.69778524752391,
  "2": -15.700262191391621,
  "3": -16.373773378489304
}