{
  "0": [
    -112.31239210802494,
    -113.25067523125696,
    -112.89166559746405
  ],
  "1": [
    -114.76155539730712,
    -114.64056573652354,
    -114.52200414507827
  ],
  "2": [
    -115.90650708032966,
    -116.63833428114383,
    -116.38698576099905
  ],
  "3": [
    -116.66905891240938,
    -116.99721174878184,
    -115.51048920820728
  ]
}