{
  "0": -112.31239210802494,
  "1": -114.52200414507827,
  "2": -115.90650708032966,
  "3": -115.51048920820728
}