{
  "prior": [
    0.2,
    0.5,
    0.3
  ],
  "likelihood": [
    0.7,
    0.2,
    0.5
  ],
  "posterior": [
    0.3589743589743589,
    0.25641025641025644,
    0.3846153846153846
  ]
}
