{
  "episodes": 2000.0,
  "avg_return": -214.0883135962936,
  "std_return": 16.546913149944523,
  "terminal_rate": 0.0
}