{
  "0": -16.86066476972928,
  "1": -18.645751886894082,
  "2": -13.88172442431927,
  "3": -15.94913267073673
}