algo,rollout_mean,rollout_std,rollout_ci95
mc,-30.74972653636784,0.4623137610351058,0.40523587867037125
td_n,-31.71602084221641,1.6687975437393054,1.46276554140642
td_lambda,-30.162975231851497,0.1751153016690401,0.15349532962548357
sarsa_n,-31.981781204842754,0.2641010651032904,0.2314947903244135
sarsa_lambda,-31.981800660079518,0.6840582097420513,0.599603457759614
q_learning,-31.727308228163775,1.0321200931133434,0.9046931501447806
double_q_learning,-31.48783054546873,0.989938674999977,0.8677195069755599
