algo,rollout_mean,rollout_std,rollout_ci95
mc,-29.20100586971846,1.004445531578347,0.8804353274155974
td_n,-30.12718014735315,2.7998574252844417,2.4541832398554715
td_lambda,-27.732273971647153,0.3091789079459086,0.27100726170747097
sarsa_n,-30.79112435874506,1.2698970576147286,1.113113848939372
sarsa_lambda,-30.405900417854923,0.1522896657983927,0.1334877776384049
q_learning,-29.780821152096348,1.3754252473683972,1.2056133856253983
double_q_learning,-30.60933889105258,1.5739053860028045,1.3795888978360842
