{
  "0": -104.91915663201439,
  "1": -106.69811859772193,
  "2": -107.99263163535089,
  "3": -108.3739737909342
}