{
  "0": -283.45149499857746,
  "1": -286.1672399658342,
  "2": -287.3202152891273,
  "3": -288.61077478453876
}