{
  "0": -104.91915663200382,
  "1": -106.69811859771144,
  "2": -107.99263163534047,
  "3": -108.37397379092383
}