{
  "0": -106.33825130967485,
  "1": -108.26840274733632,
  "2": -109.69338476935076,
  "3": -109.37863023131048
}