{
  "0": [
    -22.322621575311565,
    -22.39416424244623,
    -22.434453783871728
  ],
  "1": [
    -24.04487428993893,
    -24.133442372215324,
    -24.22916005239289
  ],
  "2": [
    -25.406545601988256,
    -25.473788891289733,
    -25.316681449315915
  ],
  "3": [
    -25.864603797632004,
    -25.99152233131837,
    -25.697503767904077
  ]
}