{
  "0": -22.322621575311565,
  "1": -24.04487428993893,
  "2": -25.316681449315915,
  "3": -25.697503767904077
}