{
  "0": -98.24301139185107,
  "1": -99.18903834473106,
  "2": -99.9044635865082,
  "3": -100.83253261643857
}