{
  "episodes": 2000.0,
  "avg_return": -222.15273726454743,
  "std_return": 20.093043423285355,
  "terminal_rate": 0.0
}
