{
  "episodes": 2000.0,
  "avg_return": -226.81269439303114,
  "std_return": 15.533757125289643,
  "terminal_rate": 0.0
}
