{
  "episodes": 2000.0,
  "avg_return": -212.3284441760286,
  "std_return": 20.842745684112828,
  "terminal_rate": 0.0
}
