{
  "fqi_mean_target": [
    -1.1095572858098297,
    -2.1932573549699574,
    -3.226350852427654,
    -4.171003508820643,
    -5.049653954721822,
    -5.876941178433694,
    -6.661714573236101,
    -7.409532750166975,
    -8.124070267758993,
    -8.807912758141194,
    -9.463007928175147,
    -10.09092203846031,
    -10.692986166155512,
    -11.270379944455629,
    -11.824179806085672,
    -12.355387059039197,
    -12.864944491044389,
    -13.353746437867253,
    -13.822645116659755,
    -14.272454814824602,
    -14.703954837858085,
    -15.116157812856642,
    -15.509255621281046,
    -15.884139329741512,
    -16.24165958861532,
    -16.582626918487495,
    -16.907812043575454,
    -17.21794815616455,
    -17.51373330111771,
    -17.795832482298092,
    -18.06487949599368,
    -18.32147855799808,
    -18.56620578002433,
    -18.79961053287776,
    -19.022216720206522,
    -19.234523977969413,
    -19.437008809490507,
    -19.630125662829396,
    -19.814307955303775,
    -19.989969048875338
  ],
  "cql_mean_abs_td": [
    1.4892502569625514,
    1.6467998343814954,
    1.6677056527157188,
    1.684932135099933,
    1.6688592646516973,
    1.6989773987775594,
    1.6622648512172244,
    1.6591350280781734,
    1.6432225189072311,
    1.649965512544673,
    1.6743351314561312,
    1.6837150208543044,
    1.690410539894712,
    1.6875109503303527,
    1.7028522129028607,
    1.6799780441534453,
    1.63998091806121,
    1.7077134843921558,
    1.6959474464024107,
    1.6646338973262647,
    1.677868288993436,
    1.6969421037985337,
    1.6704514790265483,
    1.6474988895283533,
    1.6970368256705706,
    1.672190224817779,
    1.6377944464922647,
    1.6794474450639216,
    1.6699926781841015,
    1.6832164751826728
  ]
}
