{
  "0": [
    -22.896773651070173,
    -22.62262898230015,
    -22.775445543281098
  ],
  "1": [
    -24.642554685380638,
    -24.452410827411292,
    -24.442271821382885
  ],
  "2": [
    -26.010908147033227,
    -25.716188300733997,
    -25.558183117530437
  ],
  "3": [
    -26.282711191174517,
    -26.018147597942924,
    -25.96519699762735
  ]
}