{
  "episodes": 4000.0,
  "total_steps": 120000.0,
  "final_epsilon": 0.050000000000000044,
  "mean_loss": 9.857325508718183
}