{
  "0": -22.62262898230015,
  "1": -24.442271821382885,
  "2": -25.558183117530437,
  "3": -25.96519699762735
}