{
  "episodes": 2000.0,
  "avg_return": -211.7630201007859,
  "std_return": 16.371822840758135,
  "terminal_rate": 0.0
}