{
  "0": -20.84470140847765,
  "1": -22.54083002429241,
  "2": -25.31432876971094,
  "3": -25.946895255909578
}