{
  "0": [
    -585.8096136233225,
    -586.2574720075222,
    -586.2809094160028
  ],
  "1": [
    -591.4204910047813,
    -591.4757986047416,
    -591.4954119276184
  ],
  "2": [
    -593.5848854208382,
    -593.2021372688653,
    -593.6571958132602
  ],
  "3": [
    -595.8815368720498,
    -595.8860568159154,
    -595.8639288856784
  ]
}