{
  "0": [
    -228.26252678034422,
    -228.2302946248907,
    -228.01791886366593
  ],
  "1": [
    -232.12077635360458,
    -232.0325837275133,
    -232.11263665557576
  ],
  "2": [
    -234.62389058669112,
    -234.75183391725508,
    -234.72419322968994
  ],
  "3": [
    -235.2825685086191,
    -234.7495911275118,
    -235.24014382038604
  ]
}