{
  "0": -228.01791886366593,
  "1": -232.0325837275133,
  "2": -234.62389058669112,
  "3": -234.7495911275118
}