{
  "0": -585.8096136233225,
  "1": -591.4204910047813,
  "2": -593.2021372688653,
  "3": -595.8639288856784
}