{
  "episodes": 2000.0,
  "avg_return": -220.9547712842822,
  "std_return": 15.94260179388504,
  "terminal_rate": 0.0
}