{
  "0": [
    -107.96474123759836,
    -108.76907850801899,
    -108.61453115645419
  ],
  "1": [
    -110.49989087148704,
    -110.1814590735454,
    -110.03194422257013
  ],
  "2": [
    -112.02319484182294,
    -111.28038971624011,
    -111.99897882566212
  ],
  "3": [
    -111.9336621129391,
    -112.09970237303769,
    -111.14593739645116
  ]
}