{
  "0": [
    -282.58576599399817,
    -284.3486348401776,
    -284.542208249576
  ],
  "1": [
    -286.5464395475737,
    -286.6134236170207,
    -287.06827878207133
  ],
  "2": [
    -288.16913449872703,
    -287.5144717918939,
    -288.14619073475967
  ],
  "3": [
    -288.75269835638903,
    -289.87813863042504,
    -289.15217672307466
  ]
}