{
  "0": -107.96474123759836,
  "1": -110.03194422257013,
  "2": -111.28038971624011,
  "3": -111.14593739645116
}