{
  "0": -282.58576599399817,
  "1": -286.5464395475737,
  "2": -287.5144717918939,
  "3": -288.75269835638903
}