{
  "0": -19.818091036871877,
  "1": -22.874829841627683,
  "2": -25.739206370183133,
  "3": -26.46618543349887
}