{
  "0": [
    -22.55038800400621,
    -23.151736346397232,
    -20.624532345983475
  ],
  "1": [
    -24.822019027894115,
    -25.085751643375666,
    -24.199189105345482
  ],
  "2": [
    -26.11281607957609,
    -26.31382483662019,
    -26.0052081345075
  ],
  "3": [
    -25.96955427138066,
    -25.36007478005737,
    -25.91508335442702
  ]
}