{
  "0": -20.624532345983475,
  "1": -24.199189105345482,
  "2": -26.0052081345075,
  "3": -25.36007478005737
}