{
  "0": 4.29829492662091,
  "1": 4.318020518059633,
  "2": 4.396496114031411,
  "3": 4.550582894291336,
  "4": 4.602879672933665,
  "5": 0.0
}