{
  "0": -20.84657752337317,
  "1": -22.54270952997507,
  "2": -25.31643476933371,
  "3": -25.949102279594197
}