algo,rollout_mean,rollout_std,rollout_ci95,fqe_mean,fqe_std,fqe_ci95
Behavior_Action0,-21.761583205641262,0.12976690849040437,0.1137457104168992,-17.80679349346078,0.21594951715554936,0.18928809762668164
DP_PolicyIter,-17.71258225756675,0.23676679543684323,0.20753524656933484,-15.292154923775158,1.2107442433531055,1.0612641211496041
DP_ValueIter,-17.71258225756675,0.23676679543684323,0.20753524656933484,-15.292154923775158,1.2107442433531055,1.0612641211496041
Double_Q,-19.98419452030474,0.975781481738906,0.855310179946636,-16.900672688853405,0.7849211970989395,0.6880137642479458
Offline_CQL,-19.86863778903608,0.9407299913595525,0.8245861939878777,-16.669001255734944,1.3655480122744132,1.1969556073382397
Offline_IQL,-19.931974611736443,1.0018145825357962,0.8781291989010407,-16.853612335657044,1.662533925699812,1.4572752381236307
Q_Learning,-18.725997447761532,1.069613272104536,0.9375573705361948,-16.276485968372207,1.1200103100763965,0.9817323220219244
