algo,rollout_mean,rollout_std,rollout_ci95,fqe_mean,fqe_std,fqe_ci95
Behavior_Action0,-34.5705386913441,0.16256981205044385,0.22531026437349905,-25.73755909400222,0.039254530318008865,0.05440400337710769
DP_PolicyIter,-28.073855997384676,0.32382837959935395,0.44880323658449506,-23.55227841133805,0.9688732964299682,1.3427898809117411
DP_ValueIter,-28.073855997384676,0.32382837959935395,0.44880323658449506,-23.55227841133805,0.9688732964299682,1.3427898809117411
Double_Q,-31.513976285163427,2.003352411780141,2.7765047879332783,-23.091299751673194,0.7474346279824441,1.0358915441224599
Offline_CQL,-30.570124917334436,0.786613038164365,1.090190050373319,-23.044315144398073,2.5354635843354574,3.5139732481128974
Offline_IQL,-30.570124917334436,0.786613038164365,1.090190050373319,-23.044315144398073,2.5354635843354574,3.5139732481128974
Q_Learning,-29.46890825715004,1.2398672041074765,1.7183682752785954,-23.716452952240985,0.5054412765154499,0.7005058700666925
