algo,rollout_mean,rollout_std,rollout_ci95,fqe_mean,fqe_std,fqe_ci95
Behavior_Action0,-34.437784066418786,0.13029160392234287,0.11420562624099205,-25.842404646813247,0.11091458000697867,0.09722091591184581
DP_PolicyIter,-30.207395561417947,0.17103149366669007,0.14991571408376114,-23.882197124144877,1.0097892806872248,0.8851193300303621
DP_ValueIter,-30.207395561417947,0.17103149366669007,0.14991571408376114,-23.882197124144877,1.0097892806872248,0.8851193300303621
Double_Q,-31.043173405411657,1.00031001473812,0.8768103870790751,-24.174046147429948,1.153847207494859,1.011391670309869
Offline_CQL,-31.716670749865738,1.0096280601309222,0.8849780139820429,-24.75926733512796,1.1246631642427032,0.9858107285183845
Offline_IQL,-31.875993491585483,1.2959510779828483,1.1359512047064415,-25.069812670836193,1.2287309650695393,1.0770301778701286
Q_Learning,-31.48392587547705,0.8475786504053286,0.7429354436048671,-25.329562082517064,0.9021568739790993,0.790775365861703
