algo,rollout_mean,rollout_std,rollout_ci95,fqe_mean,fqe_std,fqe_ci95
Behavior_Action0,-54.06071627478332,0.12249593260464352,0.10737241905031658,-45.07528645541583,0.4250059911573838,0.3725341765324532
DP_PolicyIter,-54.06071627478332,0.12249593260464352,0.10737241905031658,-45.07528645541583,0.4250059911573838,0.3725341765324532
DP_ValueIter,-54.06071627478332,0.12249593260464352,0.10737241905031658,-45.07528645541583,0.4250059911573838,0.3725341765324532
Double_Q,-55.20839801798254,0.5515412264095759,0.4834472004610023,-45.61442769201447,1.8116143392680548,1.587949982153761
Offline_CQL,-55.27582682823116,0.37336357409240806,0.32726760214121825,-47.60117290643973,3.252993559441904,2.851374573878191
Offline_IQL,-55.27582682823116,0.37336357409240806,0.32726760214121825,-47.60117290643973,3.252993559441904,2.851374573878191
Q_Learning,-55.49028354237398,0.7296156579908273,0.6395363218165651,-47.067519901690176,2.335928092071273,2.0475312497337192
